0,1,2,3,4,5,6,7,8,9
Celery,Spinach,Kirby,Yoghurt,Avocado,Eggs,Organic,Oatmeal,Milk,Bananas
Omega-3,Yogurt,Oranges,Milk,Butter,Bunch,Water,Banana,Milk,Biscuits
Flour,Flakes,Blend,Sauce,Asparagus,Kale,Grapefruit,Browns,Eggs,Oil
Milk,Eggs,Marshmallows,Yogurt,Yogurt,Fillet,Salmon,Banana,Seedless,Orange
Lemon,Thyme,Shallot,Sauce,Asparagus,Bar,Soap,Towelettes,Buttermilk,Added
Hummus,Lettuce,Cheese,Celery,Strawberries,Broccoli,Bars,Pepperoni,Organic,Apples
Juice,Snack,Eggs,Milk,Apple,Waffles,Tomato,Florets,Carrots,Butter
Banana,Milk,Water,Crackers,Littles,Strips,Apple,Dressing,Yogurt,Salsa
Almondmilk,Strawberries,Recipe,Elixir,Butter,Avocado,Thai,Lasagna,Straws,Apple
Grapefruit,Hummus,Muffins,Chunks,Spinach,Blackberries,Strawberries,Carrots,Water,Water
Bread,Granola,Milk,Soymilk,Tomato,Onion,Garlic,Potato,Bunch,Carrots
Eggs,Water,Water,Water,Juice,Yogurt,Coffee,Peas,Gum,Tissue
Limes,Broccoli,Eggs,Crumbles,Kale,Bananas,Bread,Yogurt,Milk,Crackers
Bunnies,Pears,Mango,Coconut,Cream,Popcorn,Cookies,Cookies,Chip,Cream
Crackers,Ball,Apple,Tomatoes,Breast,Strawberries,Avocados,Cheese,Bread,Milk
Cauliflower,Hearts,Chicken,Apple,Orange,Blueberries,Bunch,Beans,Original,Mix
Avocado,Zucchini,Mozzarella,Eggs,Cakes,Salted,Pepper,Chunks,Water,Squash
Beans,Crisps,Salt-Free,Edamame,Cucumber,Apple,Carrots,Crown,Naan,Mozzarella
Kirby,Juice,Snack,Snacks,Ham,Pasta,Cheese,Cheese,Tortillas,Crackers
Milk,Raspberries,Fruit,Crust,Pepper,Salad,Stock,Carrots,Cheese,Noodles
Bunch,Thin,Kale,Tomatoes,Peppers,Cauliflower,Cabbage,Cabbage,Milk,Singles
Bar,Clementines,Apple,Yogurt,Hummus,Pepperoni,Bacon,Cheese,Carrots,Raisins
Lemonade,Popcorn,Florets,Cream,Turkey,Cheese,Size,Butter,Chips,Crackers
Tomatoes,Spinach,Cheese,Lemon,Shallot,Romano,Nuts,Hummus,Bananas,Water
Water,Water,Rolls,Modena,Ginger,Soda,Oil,Cheese,CT,Flavor
Kernels,Butter,Mix,Apples,Pepper,Limes,Cilantro,Celery,Kirby,Carrots
Yogurt,Hummus,Pears,Apple,Rice,Cheese,Rolls,Rice,Strips,Smoothie
Milk,Apple,Crowns,Cauliflower,Cluster,Avocado,Chip,Cheese,Honey,Breast
Florets,Thyme,Sage,Mix,Milk,Beans,Bananas,Grapes,Melon,Rosemary
Bowl,Blueberries,Bagels,Spread,Butter,Soda,Pomegranate,Punch,Pizza,Bread
Tomatoes,Apple,Chips,Sauce,(Yam),Bar,Bar,Apples,Bags,Pasta
Almondmilk,Spinach,Yogurt,Salad,Blueberries,Cucumbers,Dressing,Potatoes,Wedges,Wedges
Milk,Bananas,Apple,Strawberries,Salad,Milk,Broccoli,Mushrooms,Bread,Eggs
Crumbles,Onion,Pepper,Pepper,Mushroom,Chips,Lettuce,Salsa,Avocado,Limes
Onions,Garlic,Pepper,Celery,Organic,Potato,Seeds,Tomatoes,Broth,Milk
Butter,Sausages,Crackers,Granola,Apple,Bars,Bread,Sandwiches,bar,Cereal
Soymilk,Burgers,Cream,Cream,VS,Soyrizo,Wash,Pappardelle,Buns,Litter
Avocado,Banana,Cucumber,Bread,Apple,Mix,Tomato,Tomatoes,Breast,Yogurt
Blend,Rosemary,Whites,Bread,Crackers,Crackers,Peppers,Apple,Kale,Basil
Elbows,Milk,Milk,Grapes,Cheese,Onion,Tomato,Crown,Apple,Bag
Water,Dressing,Cream,Wine,Romaine,Blackberries,Bananas,Apple,Bread,Mix
Water,Oatmeal,(Yam),3,Peach,Yogurt,Strawberries,Dressing,Cheese,Spinach
Sandwich,Taquitos,Soda,Sauce,Wipes,Scent,BBQ,Chips,Bars,Sandwich
Banana,Carrots,Shallot,Oregano,(Yam),Sprouts,Orange,Water,Water,Mango
Chicken,Strawberries,Chunks,Bananas,Avocado,Blend,Florets,Butter,Butter,Asparagus
Bananas,Milk,Flakes,Soup,Cups,Lemon,Sausage,Beans,Apple,Pears
2,Banana,Food,Juice,Minis,Free,Crisps,Chips,Bagels,Cheese
Fettuccine,Apple,Oats,Bunch,Water,Almond,Oil,Water,Water,Peas
Strawberries,Patch,Singles,Florets,Water,Cheese,Milk,Strips,Pizza,Strawberry
Eggs,Cream,Onion,Pepper,Ale,Pizza,Chicken,Preserves,Soup,Tomato
Pack,Candy,Snacks,Chips,Chips,Chips,Crackers,Bags,Popcorn,Crisps
Raspberries,Banana,Bag,Apple,Seedless,Apples,Milk,Cheese,Yogurt,Yogurt
Eggs,Mayonnaise,Chips,Flour,Filling,Cookies,Cheese,Topping,Sugar,Rolls
Mix,Turkey,Chilies,Sauce,Soup,Salami,Cheese,Cheese,Mayonnaise,Tortellini
Milk,Creamer,Yogurt,Yogurt,Shampoo,15,Sandwiches,Tortellini,Cereal,Bags
Soup,Pistachio,Bunch,Paste,Cheese,Sauce,Water,Milk,Pack,Chocolate
Cream,Cilantro,Steak,Tomatillo,Onion,(Yam),Yoghurt,Muffins,Bread,Slices
Tomatoes,Yoghurt,Yoghurt,Romaine,Cob,Banana,Orange,Muffins,Pepper,Cucumber
Eggs,Onions,Bread,Sampler,Conditioner,Ct,Lozenges,Anesthetic,Slices,Tissues
Hearts,Onions,Carrots,Nut,Tomatoes,Cucumbers,Feta,Seaweed,Hearts,Rolls
Jerky,Hummus,Yogurt,Milk,Limes,Cilantro,Cheese,Tomatoes,Chip,Cream
Rose,Lemonade,Bread,Puffs,Milk,Yogurt,Sticks,Apple,Onion,Fries
Yogurt,Strawberries,Pepper,Pepper,Oatmeal,Raspberries,Banana,Tea,Squash,Breasts
Fries,Pineapple,Cantaloupe,Vegetables,Rolls,Pizza,Chimichanga,Dumplings,Kit,Salad
Crisps,Seedless,D,Milk,Juice,Bread,Crackers,Strawberries,Waffles,Raspberries
Yogurt,Cereal,Littles,Grapes,Pears,Tzatziki,Muenster,Sausage,Sausage,Pancakes
Tissue,Water,Salt,Beverage,Beverage,Bath,Spinach,Broth,Mix,Cluster
Banana,Milk,Blueberry,Edamame,Tangerine,Cheese,Lemon,Limes,Carrots,Salad
Blueberry,Water,Bread,Cream,Cream,Blueberry,Honey,Cereal,Smoothie,Strawberries
Salami,Fog,Cheese,Dip,Dip,Kalamata,Croccantini,CRACKERS,Crackers,Crackers
Oil,Cookies,Carrots,Salt-Free,Yogurt,Crackers,Smartwater,Beans,Blueberries,Foil
Cilantro,Banana,Plums,Beans,Sausage,Tortillas,Cereal,Cereal,Sweet,Cereal
Celery,Milk,Cucumber,Seeds,Root,Milk,Milk,Almonds,Cherries,Cherries
Milk,Chunks,Chunks,Kale,Carrots,Pepper,Pepper,Cheese,Potato,Spinach
Cola,Banana,Avocado,Lettuce,Grapes,Tomatoes,Eggs,Dressing,Fries,Vinegar
Dill,Lentils,Salad,Onion,Broth,Apple,Strawberries,Cereal,Banana,Potato
Banana,Eggs,Cluster,Milkfat,Bread,Ravioli,Sauce,Spinach,Lemon,Dates
Soup,Onion,Celery,Soup,Pasta,Strawberries,Dates,Water,Beans,Mango
Roll,Snacks,Grapefruit,Chunks,Blueberries,Rice,Fruit,Pie,Strawberries,Bagels
Celery,Leaves,Broth,Broth,Bananas,Soda,Ale,Rotini,Water,Drink
Raspberries,Spinach,Lemon,Tahini,Potatoes,Yogurt,Chunks,Water,Peas,Thyme
Slices,Rice,Bowl,Meal,Bowls,Bowls,Thai,Bowls,Meal,Berry
Added,Sauce,Water,Ice,Yogurt,Cheese,Pizza,Alfredo,Bowl,Bowls
Milk,Avocado,Strawberries,Blueberries,Water,Water,Potatoes,Milk,Limes,Ginger
Mix,Avocados,Spears,Corn,Tomatoes,Florets,Tomato,Vinegar,Chips,Clementines
Milk,Milk,Avocado,Bananas,Organic,Orange,Spirals,Packs,Gel,Raspberries
Blend,Arugula,Raisin,Cabbage,Kale,Breasts,Avocado,Oranges,Spinach,Cream
Water,Butter,Milk,Coffee,Condoms,Water,Vitamins,Women,Cheese,Towelettes
Parmesan,Dough,Milk,Cream,Sorbet,Snacks,Spaghetti,Quesadillas,Grapes,Blueberries
Wine,Chardonnay,Noir,Hummus,Thins,Crackers,Crackers,Chips,Chips,Authentic
Fruit,Solution,Bananas,Spread,Oil,Sauce,Pouch,Go,Turkey,Pepper
Quencher,Drink,Pomegranate,Crackers,Milk,Cream,Bottles,Yogurt,Yoghurt,Yoghurt
Cream,Zucchini,Pepper,Lasagna,Mozzarella,(Yam),Eggplant,Pineapple,Corn,Banana
Bunch,Broth,Broth,Strawberries,Cheese,Sauce,Milk,Almondmilk,Biscuits,Pizza
Cauliflower,Basil,Foil,Clear,Parmesan,Crown,Snacks,Banana,Bites,Avocado
Avocado,Banana,Shake,Bites,Cluster,Lettuce,Lemonade,Wings,Grapefruit,Bleach
Bananas,Candies,Tomato,Water,Broccoli,Sausage,Root,Sausage,Stock,Potatoes
Cheerios,Crackers,Banana,Large,Creamer,Tissue,Apples,Potatoes,Sweet,Shreds
Zucchini,Apple,Sausage,Banana,Garlic,Pepper,Onions,Limes,Cilantro,Avocado
Beans,Pear,Breast,Milk,Apple,Kefir,Tomatoes,Cheese,Pizza,Milk
Bags,Cookies,Chocolate,Bananas,Orange,Blueberries,Lime,Loaves,D,Noodles
Water,Water,Apple,Avocado,Soda,Eggs,Yogurt,Seedless,Tomato,Bread
Holes,Milk,Cookies,Cookies,Cookies,Crackers,Cookies,Bagels,Sugar,Nectar
Butter,Lemon,Sugar,Onions,Chives,Powder,Seeds,Wrap,Syrup,Hummus
Milk,Water,Limes,Avocados,Sliced,Cheese,Buttermilk,Lemon,Liquid,Yogurt
Sandwich,Diet,Corn,Grapes,M&Ms,Strips,Mix,Buns,Hummus,Bars
Gingerade,Pops,Greens,Butter,Cheese,Grapes,Strawberries,Bagels,Banana,Tea
Apples,Raspberries,Bananas,Strawberries,Water,Blueberries,Sticks,Apples,Water,Milk
Yogurt,Thighs,Free,Cheese,Milk,Milk,Chips,Puffs,Butter,Cream
Seltzer,Yogurt,Limes,Apple,Concentrate,Milk,Raspberries,Cereal,Vegetables,Cakes
Waffles,Strawberries,Salad,Cheese,Apple,Banana,Eggs,Carrots,Tomato,Cauliflower
Breast,Chips,Milk,Juice,Cocktail,Pepper,Tortillas,Medium,Chips,Cream
Banana,Raspberry,Beverage,Bowl,Crackers,Bar,Chicken,Enchiladas,Pasta,Water
Burrito,Eggs,Salsa,Beans,Lettuce,Organic,Carrots,Lid,Lid,Soda
Lemon,Tissues,Wipes,Honey,oz,Tissue,Towels,Soda,Sugar,Milk
Chunks,Sprouts,Cream,Avocado,Eggs,Naked,Noodles,Soap,Milk,Towels
Beans,Beans,Chiles,Corn,Mushrooms,A,Soda,Water,Banana,Yogurt
Free,Pepper,Barley,Edamame,Sprouts,Cauliflower,Milk,Apples,Beans,Blend
Sausage,Soda,Sugar,Cream,Bread,Yogurt,Salt,Squash,Shredded,Thyme
Tortillas,Watermelon,Juice,Lettuce,Cream,Cheese,Mix,Mix,Crown,Slices
Avocado,Waffles,Cilantro,Root,Bar,Bars,Chips,Bread,Biryani,Rice
Kale,Chips,Banana,Drink,Tomato,Beans,Kombucha,Lemon,Bread,Yogurt
Celery,Grapes,Limes,Grain,Basil,Asparagus,Zucchini,Parmesan,Carrots,Garlic
Bread,Soup,Blueberry,Yogurt,Milk,Hummus,Bananas,Soup,Bite-lettes,Apple
Banana,Water,Strawberries,Florets,Hummus,Chips,Kefir,Blackberries,Cheese,Butter
Beans,Basil,Soup,Root,Lemon,Grass,Banana,Broth,Broth,Broth
Toothpaste,Pizza,CT,Cereal,Cereal,Gherkins,Cereal,Filter,Water,Deodorant
D,Milk,Half,Bread,Bread,Milkfat,Grapes,Bananas,Organic,Apples
Honey,Broccoli,Avocado,Beets,Carrots,Milk,Cauliflower,Yogurt,Apple,Carrots
Omega-3,Yogurt,Avocado,Bars,Milk,OZ,Cakes,Water,Picks,Soap
Kimchi,Tofu,Onion,Bunch,Greens,Garlic,Rice,Dill,Bunch,Hearts
Apples,Blackberries,Water,Bananas,Raspberries,Peppers,Hummus,Large,Half,Cucumbers
Banana,Yogurt,Burgers,Fettuccine,Cheese,Beverage,Mix,Taco,Spinach,Beans
Fries,Bar,Milk,Pumpkin,Bean,Coffee,Sausage,Seed,Milk,Pieces
Kiwi,Sz,Bag,Grapefruit,Strawberries,Apple,Pear,Plum,Blackberries,Pears
Whites,Large,Milk,Pepper,Mix,Edamame,Crackers,Orange,Lettuce,Figs
Banana,Onions,Grapefruit,Apple,Potato,Kale,CT,Edamame,Garlic,Added
Banana,Sausage,Mix,Pasta,Free,Cheese,Tomatoes,Tomatoes,Mix,Children
Kale,Raspberries,Garlic,Lemon,Strawberries,Thyme,Pomegranate,Tahini,Castelfranco,Cucumber
Milk,Bars,Chestnuts,Cauliflower,Blueberries,Cereal,Squares,Crackers,Crackers,Yogurt
Cream,Cauliflower,Breasts,Milk,Pumpkin,Juice,Ketchup,Spinach,Onion,Cucumber
Milk,Yogurt,Kale,Tofu,Chunks,Raspberries,Preserves,Cereal,Potatoes,Red
Avocado,Salsa,Peppers,Apple,Tofu,Beans,Added,Roast,Onion,Strawberries
Oil,Muffins,Syrup,Blend,Water,Kirby,Beverage,Ginger,Water,Water
Peas,Honey,Dogs,Bacon,Medium,Cheese,Peas,Meat,Broth,Rolls
Ham,Bacon,Milk,Blackberries,Strawberries,Cheese,Cluster,Burrito,Burrito,Cheese
Root,Avocado,Raspberries,Limes,Lemon,Juice,Milk,Tomatoes,Basil,Eggs
Mozzarella,Tomato,Bananas,Cream,Juice,Cheese,Breasts,Clementine,Strawberries,Peppercorns
Lard,Quinoa,Yogurt,Yogurt,Blueberry,Thyme,Soda,Half,Broth,Broth
Pudding,Water,Cheese,Sauce,Dessert,Popcorn,Snacks,Strip,Carrot/Apple/Ginger,Salt
Banana,Muffins,Blueberries,Bread,Cheerios,Yoghurt,Yoghurt,Hummus,Cucumber,Salt
Lettuce,Oranges,Grapes,Deluxe,Bananas,Peanuts,Water,Juice,Limes,Drink
Parmesan,Honey,Beef,Ketchup,Yoghurt,Browns,Pepper,Mushrooms,Added,Spaghetti
Milk,Gingerberry,Spinach,Original,Crown,Rice,3,Apples,bar,Cream
Banana,UNSWEETENED,Kale,Lemon,Onions,Tortillas,Squash,Peppers,Hummus,Carrots
Salad,Soup,Tomatoes,Cheese,Medley,Sausage,(Yam),Kale,Broth,Onions
Wedges,Bread,Strips,Milk,Banana,Noir,Cereal,Creamer,Water,Avocado
Avocado,Half,Crown,Carrots,Coffee,Yogurt,Asparagus,Tomato,Ball,Milkfat
Avocado,Limes,Lemon,Orange,Omega-3,Cheese,Rice,Peppers,Breast,Paprika
Strawberries,Spinach,Avocado,Agave,Dressing,Rice,Parmesan,Leaf,Beans,Count
Clementines,Spinach,Clamshell,Hummus,Bacon,Apples,Hearts,Popcorn,Sauce,Peppers
Kombucha,Eggs,Banana,Water,Crisps,Sausage,Crown,Limes,Potato,Yogurt
Bread,Almonds,Eggs,Dawn,Cheese,Dogs,Bags,Coffee,Butter,Fruit
Banana,Milk,Cereal,Pizza,Carrots,Strawberries,Strips,Tomato,Edamame,Apples
Crackers,Bananas,Pears,Avocado,Eggs,Cakes,Juice,Cauliflower,Steak,Celery
Fresco,Bread,Ham,Milk,Chips,Mix,Carrots,Celery,Bunch,Dressing
Roll,Milk,Omega-3,Breasts,Brown,Noodles,Noodles,Groats,Daniele,Tomato
Flour,Banana,Milk,Chips,Granola,Potato,ct,Half,Leek,Peppers
Cilantro,Juice,Purify,Milk,Kale,Carrots,Celery,Peppers,Butter,Butter
Cleaner,Orange,Polish,scent,Water,Substitute,Chips,Chips,Salsa,Links
Yogurt,Banana,Eggs,Thins,Milk,Hummus,Chunks,Breast,Carrots,Mango
Classic,Bread,Bar,Yogurt,Tomatoes,Cucumber,Fries,Pistachio,Cones,Cream
Drink,Lemon,Spinach,Spinach,Sprouts,Cranberry,Grapes,Blend,Strawberries,Cutlets
Pepper,Bananas,Peaches,Romaine,Broccoli,Chips,Bar,Bar,Bar,Cookie
Soap,Sugar,gallon,Bunch,Apple,Salad,Dressing,Body,Soap,Mouthwash
Avocado,Lemon,Asparagus,Salad,Honey,Half,Milk,Zucchini,Sauce,Juice
Milk,Butter,Onion,Squash,Cheese,Thyme,Banana,Strawberries,Blueberries,Pie
Cucumbers,Seeds/Arils,Sticks,Bananas,Half,Milk,Straws,Blueberries,Tomatoes,Chips
Ultra-Pasteurized,Ribs,Granola,Sugar,Water,Breast,Pilaf,Spices,Salad,Style
Crumpet,Water,Tea,Vanilla,Milk,Yogurt,Peas,Berry,Florets,Cheese
Kale,Hearts,Breast,Croutons,Dressing,Tomatoes,Quencher,Frost,Cereal,Milk
Milk,Milk,Banana,Strawberries,Solution,Salami,Waffles,Eggs,Soup,Mix
CT,Pepper,Cherries,Free,Squash,Zucchini,Spinach,Pumpkin,Bar,Oats
Cherry,Water,Banana,Chicken,Cheese,Tofu,Noodles,Soup,Crackers,Hummus
Squares,Squares,Zero,Water,Water,Sticks,Cheese,Prepacked,Snacks,Assortment
Spray,Tissue,Pasta,Dessert,Bread,Soda,Detergent,Tabs,Unscented,Wipes
Mango,Pear,Root,Garlic,Cereal,Granola,Cauliflower,Strawberries,Rabe,Greens
Chips,Bars,Candy,Seasoning,Powder,Slices,Rolls,Sauce,Peroxide,Toothpaste
Blueberries,Strawberries,Cherries,Pieces,Chips,Added,Arugula,Salad,Crown,Oranges
Banana,Yogurt,Water,Naked,Tzatziki,Apples,Onion,Chunks,Peaches,Pears
Chardonnay,Grigio,Tomatoes,Cereal,Apple,Popcorn,Cabbage,Yogurt,Yogurt,Cheerios
Bread,Cereal,Soda,Beer,Beer,Milk,Milk,Banana,Tubes,Blanc
Soda,Cookies,Ounce,Pack,Gum,Fruit,Candy,Nuts,Cakes,Milk
Juice,Pomegranate,Cutlets,Water,Banana,ct,Yogurt,Yogurt,Yogurt,Patties
Bacon,Bowls,Cheese,Cheese,Recipe,Beef,Mix,Bowl,Cheese,Bowl
Milk,Palm,Sauce,Eggs,Cheese,D,Coffee,Banana,Yogurt,Cereal
Pizza,Strawberries,Bananas,Right,Breast,Yogurt,Water,Chips,Mozzarella,Dough
Blend,Shake,Shake,Potatoes,Strawberries,Pears,Guacamole,Hummus,Bananas,Romano
Food,Treats,Paper,Bacon,Cleaner,Soap,Bands,Sandwich,E,Shampoo
Ginger,Cookies,Avocado,Bar,Bar,Strawberries,Cream,Beer,Eggs,Juice
Waffles,Strawberries,Sausage,Chips,Yogurt,Variety,Honey,Apples,Carrots,Salad
Onions,Links,Hearts,Juice,Juice,Lemon,Bagels,Cheese,Breast,Corn
Sherbet,Blueberries,Ham,Croutons,Links,Soup,Detergent,Mustard,Muffins,Tomatoes
Kombucha,Grapefruit,Water,Apple,Water,Eggs,Towels,Figs,Lemon,Loaf
Soda,Shreds,Carrots,Hummus,Muffins,Grapefruit,Hearts,Bars,Candies,Chips
Basil,Bunch,Garlic,Onions,Asparagus,Peas,Peas,Fraiche,Juice,Tissues
Bunch,Peppercorns,Classic,Drink,Clear,Apples,Apple,Pitted,Tomatoes,Eggs
Coffee,Elixir,Bananas,Drink,Avocado,Bar,Blend,Elixir,Yogurt,Milk
Pizza,Blueberry,Grapes,Water,Nuggets,Cheese,Yogurt,oz,Breast,Water
Water,Pouches,Banana,Avocado,Coffee,Peach,Sauce,Sauce,Sauce,Peas
Hearts,Carrots,Garlic,Limes,Cauliflower,Onions,Yams,Raspberries,Avocado,Pepper
Milk,Basil,Flour,Oil,Gelato,Nuggets,Honey,Yogurt,Cheddar,Mix
Milk,A,Blend,Butter,Pears,Towels/Napkins,Cream,Cheese,Ham,Pint
Boxes,Apple,Potato,Carrots,Sticks,Chops,Performance,Banana,Juice,Milk
Tomatoes,Bottom,Broth,Water,Grapefruit,Tortelloni,Steamers,Milk,Cheese,Tomatoes
Water,Spinach,Salt,Bananas,Spears,Strawberries,Blueberries,Yogurt,Apples,Grapes
Chips,Smartwater,Plum,Garlic,Onion,Broth,Root,Organic,Macrobar,D3
Water,Tuna,Yogurt,Mix,Grapefruit,Banana,Breeze,Apple,Broccoli,Rigatoni
Carrots,Clementines,Applesauce,Cereal,Bananas,Apples,Grapes,Milk,Florettes,Spinach
Rice,Grain,Spinach,Yogurt,Breasts,Avocado,Medley,Lemon,Grapes,Couscous
Milk,Waffles,Waffles,Cheese,Potatoes,Cereal,Mix,Creamer,Chips,Chips
Pepper,Tomatoes,Liquid,Cream,Cheddar,Ham,Butter,Dogs,Pear,Pepperoni
Butter,Apples,Tofu,Limes,Light,Squash,Tomato,Hummus,Carrots,Arugula
Root,Bag,Carrots,Florets,Drink,Sauce,Pasta,Parmesan,Tubes,Milk
Half,Bread,Pasta,Milk,Sugar,Bottles,Soda,Cheese,Grinder,Grinder
Celery,Zucchini,Oats,Broth,Peas,Lemon,Culture,Soap,Tea,Bags
Medium,Fruit,Salt,Strawberries,Drink,Oatmeal,Strawberry,Pouches,Mix,Yogurt
Milk,Eggs,Milk,Protein,Wipes,Gel,Balm,Powder,Florets,Strawberries
Water,Honey,Blueberry,Cheese,Naked,Candy,Candy,Candy,Carrots,Soda
Roast,Water,Cucumbers,Strawberries,Tomatoes,Franks,Peppers,Bacon,Buns,Cookies
Bananas,Milk,Apple,Kale,Apples,Avocado,Root,Raspberries,Milk,Spinach
Pizza,Bottles,Yogurt,Candies,Drink,Pack,Packets,Acetaminophen,Corn,Breast
Plain,Snaps,Bags,Littles,Bowl,Cakes,Water,Sugar,Potato,Salted
Can,Milk,Creamer,Florets,Carrots,Dough,Morsels,Morsels,Yogurt,Water
Juice,Mix,D,Basil,Garlic,Eggs,Tomatoes,Mix,Tomatoes,Steak
Muffins,Lump,Meat,MIX,Soup,Soup,Potatoes,Onion,Clams,Diet
Water,Yogurt,Milk,Blueberries,Blackberries,Bar,Spinach,Cereal,Sauce,Chocolate
Spinach,Broth,Peppers,Sauce,Limes,Broccoli,Sage,Raspberries,Pizza,Noodles
Apple,Milk,Half,Eggs,Yogurt,Cereal,Lemon,Crackers,Limes,Dill
Avocados,Guacamole,Large,Cookies,Mangos,Rolls,Multi-Pack,Sticks,Treats,Popcorn
Detergent,Tissue,Tortellini,Sauce,Tomatoes,Yogurt,Yogurt,Yogurt,Crackers,Sticks
Bar,Bar,Cocoa,Chocolate,Chocolate,Bar,Bar,Bananas,Orange,Lemon
Bunch,Dill,Grapes,Cranberries,Milk,Spread,Onion,Garlic,Blueberries,Cabbage
Bananas,Mint,Bags,Kale,Asparagus,Apples,Toothpaste,Remover,Refills,Macadamias
Bacon,Biscuits,Original,Breaded,Beef,Liquid,Freshener,Wings,Bags,Spray
Milk,Yogurt,Cream,Blackberries,Half,Eggs,Pears,Food,Creamy,Cauliflower
Apple,Soup,Yogurt,Orange,Lentils,Cuisine,Lentils,Milk,Eggs,Bananas
Bread,Crown,Peas,Banana,Spinach,Apple,Orange,Cheese,Burger,Nuggets
Avocado,Guacamole,Limes,Tomatoes,Eggs,Butter,Vinegar,Relish,Blueberry,Fries
Water,Nut,Soda,Jerky,Yogurt,Cola,Oats,Juice,Tea,Cheese
Thighs,Garlic,Sausage,Hummus,Milk,Quencher,Waffles,Water,Juice,A
Yogurt,Yogurt,Cheese,Apple,Banana,Strawberries,Salad,Salad,Avocado,Grain
Mayonnaise,Bunch,Cluster,Lettuce,Chocolate,Cola,Peppers,Juice,Eggplant,Cheese
Milk,Chips,Chocolate,Oil,Food,Food,Formula,Crystals,Coarse,Salsa
Milk,Bananas,Variety,Cilantro,Tofu,Noodles,Bunch,Pepper,Pepper,Garlic
Bread,Eggs,Crown,Raisins,Cheese,Milk,Strawberries,Yogurt,Fettuccini,Pasta
Cheese,Milkfat,Sauce,Vanilla,Hummus,Broth,Water,Banana,Chips,Crackers
Hot,Lemon,Grapefruit,Apple,Apple,Butter,Water,Chip,Greens,Oil
Cereal,Bread,Yogurt,Blackberry,Nectar,Peaches,Salsa,Strawberry,Yogurt,Pear
Beans,Tomatoes,Avocado,Palm,Slices,Cauliflower,Grain,Penne,Sauce,Parmesan
Milk,Blueberries,Strawberries,Strawberries,Pops,Water,Butter,Packs,Herbs,Crisps
Blend,Blend,Yogurt,Blend,Cream,Cream,Cream,Juice,Dessert,Cream
Rigate,Cereal,Avocado,Cookies,Cheddar,Packs,Packs,Bar,Pears,Towels
Bananas,Milk,Cluster,Raspberries,Water,Tortellini,Grapes,Butter,Strawberries,Crown
Asparagus,Limes,Cilantro,Kale,Onions,Rice,Breast,Seed,Starch,Peppers
Avocado,Eggs,Grapefruit,Banana,Popcorn,Bread,Tortillas,Breast,Salad,Arugula
Water,Lemon,Cheese,Fog,Salsa,Buns,Zucchini,Basil,Hearts,Parmesan
Rings,Size!,Dip,Salad,Salad,Jerky,Soda,Crackers,Patties,Cream
Cheese,Peas,Broth,Butter,Baguette,Blackberries,Kirby,Cream,Tomato,Smoothie
Pudding,Snacks,Topping,Cream,Yogurt,Yogurt,Yogurt,Blueberry,Soup,Cheese
Apple,Half,Carrots,Hommus,Pretzels,Apple,Lemon,Muffins,Pears,Vinegar
Seed,Pastry,Milk,Garlic,Powder,Cream,Strawberries,Eggs,Butter,Water
Cereal,Half,Cereal,Chocolate,Milk,Food,Food,Months+,Cream,Cereal
Avocado,Oil,Beans,Spiced,Milk,Eggs,Kefir,Kale,Broth,Coffee
Syrup,Banana,Spinach,Sauce,Lemon,Straws,Mushrooms,Cheese,Naked,Cheese
Macaroni,Cereal,Tissue,Mustard,Vinegar,Yogurt,Lemonade,Toothpaste,Free,Potato
Cola,Lemonade,Salsa,Snacks,Bars,Pack,Cheese,Bears,Bacon,Cheese
Baguette,Yogurt,Banana,Blueberries,Ham,Breast,Yogurt,Cream,Cream,Rosemary
Banana,Pears,Peas,Limes,Spinach,Yogurt,Apple,Milk,Avocado,Blueberries
Yogurt,Blend,Avocado,Wash,Breast,Creamer,Vegetables,Vegetables,Breast,Bread
Fillets,Rice,Rice,Spinach,Salsa,Pectin,Regular,Scent,Milk,Bottom
Cleaner,Aid,Polish,Cleaner,Mats,Lemon,Gallon,Cleaner,Wash,Towels/Napkins
Bread,Browns,Raspberries,Chocolate,Steak,Bunch,Potato,Zucchini,Spinach,Turkey
Soup,Beans,Popcorn,Granola,Crackers,Sauce,Potatoes,Strawberries,Cups,Water
Shreds,Peppers,Pepper,Bar,Onion,Sauce,Yogurt,Cream,Chip,Cream
Oil,Whiskey,Water,Spinach,Brut,Gin,Apples,Butter,Popcorn,Liquer
Apples,Banana,Blueberries,Yogurt,Milk,Packets,Water,Juice,CT,Tea
Cheese,Raspberries,Soup,Grapes,Eggs,Plus,Sauce,Strawberries,Tomatoes,Beverage
Bacon,Honey,Milk,Moon,Sauce,Spaghetti,Tortillas,Cabbage,Chips,Z
Milk,Milk,Bananas,Salad,Zucchini,Salad,Yogurt,Asparagus,Crowns,Yogurt
Treats,Spinach,Strawberries,Crumbles,Pieces,Steak,Yogurt,Avocados,2%,Beans
Soda,Bananas,Cocoa,Mandarins,Coffee,Nuts,Chips,Chips,Guacamole,Jerky
Bread,Popcorn,Creamer,Cream,Flavor,Sauce,Banana,Yogurt,Flakes,Tenderloins
Avocados,Oil,Water,Bananas,Clementines,Strawberries,Pineapple,Blackberries,Raspberries,Blueberries
Beverage,Ketchup,Olives,Seaweed,Fries,Sauce,Capellini,Sauce,Peas,Florets
Carrots,Vinegar,Banana,Peas,Strawberries,Ketchup,Milk,Hearts,Blueberries,Puffs
Quinoa,Mint,Bunch,Arugula,Lemon,Onions,Banana,Food,Food,Raspberries
Half,Smoothie,Smoothie,Mix,Pears,Chips,Breast,Creamer,Lemon,Tomatoes
Eggs,Hearts,Grain,Cluster,Dressing,Mushrooms,Zucchini,Cheese,Potatoes,Onion
Cheese,Grapes,Pear,Greens,Blueberries,Chicken,Eggs,Bunch,Spinach,Muffins
Avocado,Paste,Potatoes,Tomatoes,Carrot,Free,Tortillas,Limes,Onions,One-Ply
Sticks,Kefir,Salmon,Leaves,Salad,Crackers,Cheese,Soup,Everything,Orange
Breasts,Stock,Sauce,Beans,Added,Chiles,Onion,Cilantro,Strips,Peach
Milk,Eggs,Apple,Potato,(Yam),Avocado,Cereal,Sauce,Garlic,Peas
Cheese,Steak,Zucchini,Squash,Drop,Breast,Ham,Walnut,Vanilla,Soda
Organic,Strawberries,Banana,(Yam),Cilantro,Half,Yogurt,Asparagus,Sauce,Half
Avocado,Chips,Cheese,Cheese,Tortillas,Sauce,Tortillas,Shells,Tomato,Bags
Limes,Yogurt,Strips,Peppers,Dressing,Tomatoes,Peach,Crumbles,Potatoes,Cheese
Coffee,Coffee,Gingerade,Kombucha,Kombucha,Popcorn,Water,Water,Water,Water
Yogurt,Milk,Granola,Breast,Breast,Carrots,Breast,Spinach,Hummus,Bars
Banana,Salmon,Avocado,Bread,Chips,Chips,Apple,Apple,Coconut,Yogurt
Banana,Apple,Carrots,Crown,Strawberries,Snacks,Snacks,Orange,Asparagus,Bars
Cheese,Fresco,Lemon,1,Cheese,Tomatoes,Chicken,Broccoli,Ravioli,Cheese
Oil,Mushrooms,Chips,Juice,Bananas,Chardonnay,Sauvignon,Cream,Oregano,Breast
Oranges,Butter,Plates,Bananas,Mix,Lavender,Chips,Chips,Pears,Cheese
Creme,Soda,Juice,Frother,Rum,Sauvignon,Bag,2010,Beer,Apples
Soda,Milk,Candy,Sauce,Tissue,Stem,Towels,Dip,Cream,Hot
Grapefruit,Milk,Garlic,Breasts,Crumbles,Cauliflower,Yogurt,Spinach,Seedless,Pears
Mocha,Noodles,Rice,Celery,Mango,Raspberries,Cantaloupe,Grapes,Pepper,Oil
Cheese,Spinach,Raspberries,Cheese,Pepperoni,Mozzarella,Sauce,Cheese,Chunks,Dough
Toothpaste,Eggs,Chips,Tissue,Classic,Snacks,Bread,Tissues,Cheese,Pick-A-Size
Recipe,Toothpaste,Patties,Snacks,Bagels,Potatoes,Salad,Ravioli,Ravioli,Scent
Romaine,Butter,Cream,Potatoes,Ham,Snacks,Creamer,Apple,Links,Bread
Chips,Raspberries,Naked,Yoghurt,Yams,Soup,Blend,Blackberries,Spinach,Squash
Cream,Cream,Hummus,Carrots,Cream,Soda,Grapefruit,Beverage,Whites,Avocado
Milk,Spinach,Peppers,Carrots,Bites,Nut,Cereal,Strawberries,Raspberries,Asparagus
Eggs,Pasta,Pasta,Sauce,D,Cheese,Cheese,Stock,Neopolitan,Count
Eggs,Bread,Bacon,Tomato,Avocado,Slices,Salsa,Lettuce,ct,Cheese
Stock,Garlic,Root,Anise,Noodles,Choy,Seed,Apple,Apple,Bread
Cheese,Broccoli,Asparagus,Tea,Ct,Apple,Crumbles,Cucumber,Blend,Water
Cucumbers,Bacon,Snacks,Cheddar,Eggs,Lemon,Pepper,Cans,Beer,Yogurt
Lemonade,Peanuts,Tissue,Spinach,Hash,Meat,Noodles,Mix,Pie,Popcorn
Eggs,Lemon,Avocado,Peppers,Cherry,Cucumber,Water,Almonds,Mango,Soap
Eggs,Omega-3,Yogurt,Yoghurt,Eggnog,Chips,Yogurt,Yogurt,Blueberry,Water
Roast,Ciabatta,Banana,Bites,Milk,Broccoli,Eggs,Apple,Apples,Butter
Spinach,Kale,(Yam),Limes,Corn,Granules,Peppers,Flour,Water,Chunks
Pizza,Banana,Biscuits,Eggs,Swirl,Cream,Dessert,Water,Cookies,Cookies
Milk,Milk,Bag,Waffles,Spread,Crackers,Blueberries,Tomatoes,Orange,Honey
Ravioli,Sauce,Bread,Bread,Pepper,Pepper,Pepper,Oil,Juice,Asparagus
Garlic,Beans,Zucchini,Yogurt,Yogurt,Liquid,Tissue,Yoghurt,Yoghurt,Base
Banana,Bread,Coffee,Strawberries,Spray,Mozzarella,Yogurt,Salt,Oz,Blackberries
Blend,Garlic,Banana,Onions,Breast,Potatoes,Fillet,Pears,Apple,Broccoli
Milk,Water,Milk,Oranges,Banana,Sauce,Strawberries,Cereal,Peanuts,Apples
Coffee,Limes,Sodas,Soda,oz,Cashews,Thins,Ham,Salsa,Tortillas
Onions,Tomato,Apples,Butter,Sourdough,Asparagus,Spinach,Milk,Meals,Eggplant
Blueberries,Cheese,Mushroom,Pizza,Cereal,Honey,Yogurt,Snacks,Lime,Banana
Butter,Salmon,Avocado,Salami,Yogurt,Tomato,Eggs,Apples,Half,Yogurt
Lavender,Soap,Beverage,Blend,Juice,Smoothie,Smoothie,Smoothie,Pads,Pads
Cream,Desserts,Cappuccino,Caramel,Cream,Kale,Blueberries,Breasts,Breast,Coffee
Ale,Minatures,Tomato,Size,Cucumber,Carrots,Pieces,Apples,Strawberries,Raspberries
Milk,Shake,Vanilla,Bars,Salt,Cereal,Hummus,Salad,Apples,Waffles
Milk,Spinach,Cream,Gum,Soda,Hummus,Eggs,Banana,Butter,Pretzels
Cereal,Apple,Tomatoes,A,Water,Banana,Pops,Sauce,Bars,Soda
Bag,Salame,Dinner,Dinner,Yogurt,Dogs,Steamers,Mix,Cheese,Dinner
Florets,Water,Kombucha,Capsules,Soap,Bears,Soup,Cereal,Flakes,Almondmilk
Milk,Apples,Hazelnuts,Sauvignon,Juice,Beer,Ketchup,Granola,Drink,Pack
Diet,Bread,Pack,Buns,Cheese,Milk,Avocados,Beverage,Pack,Rolls
Sauce,Onion,Mozzarella,Sauce,Blend,Garlic,Shells,Parmesan,Cheese,Basil
Macrobar,Muffins,Eggs,ct,Popcorn,Almondmilk,Bags,Litter,Bacon,Avocado
Soda,Soda,Pudding,Punch,Roll,Chips,Spread,Crackers,Rolls,Cream
Milk,Tortillas,Drink,Milk,Milk,Banana,Eggs,Bar,Beans,Yogurt
Beef,Yogurt,Banana,Bread,Cilantro,Mix,Yams,Garlic,Spices,Cream
Juice,Dessert,Dessert,Chips,Chips,Drink,Chocolate,Roja,Kale,Chocolate
Filters,Tea,Bar,Tea,Almondmilk,Milk,Salt-Free,Grapefruit,Water,Avocados
Banana,Yogurt,Hummus,Raspberries,Bread,Muffins,Granola,Breast,Salad,Sodium
Blueberries,Carrots,Yams,Salt,Apple,Blackberries,Deodorant,Banana,Garlic,Cauliflower
Lemonade,Drink,Free,Milk,Eggs,Apples,Strawberries,Grapes,Packs,Bites
Bunch,Mushrooms,Beans,Avocado,Crackers,Paste,Onion,Stock,Russet,Cheese
Bacon,Thins,Cheese,Breast,Wine,Cheese,Hearts,Dressing,UNSWEETENED,Cucumber
Detergent,Juice,Eggs,Multi-Grain,Popcorn,Banana,Tips,Yogurt,Yogurt,Fruit
Bananas,Water,Strawberries,Pack,Shield,Apples,Soda,Avocados,Enhancers,Bread
Strawberries,Milk,Cheese,Onions,Juice,Water,Tomato,Breasts,Snacks,Yogurt
Icing,Milk,Strawberries,Cream,Lettuce,Crumbles,Brie,Tomatoes,Cookies,Biscuits
Water,Grapes,Bananas,Yams,Bars,Towelettes,Cereal,Drink,Dates,Carrots
Juice,Tzatziki,Kale,Butter,Milk,Eggs,Yogurt,Grapes,Ale,Avocado
Bagels,Juice,Buns,Dog,Chips,Strawberries,Cream,Lemonade,Pasta,Grapes
Almondmilk,Mix,Zucchini,Banana,Beans,Smoothie,Powder,Honey,Hummus,Kale
Strawberries,Half,Eggs,Spinach,Avocado,Yogurt,Cereal,Cereal,Chips,Beans
Cheese,Calcium,Bread,Oil,Natural,Broth,Tomatoes,Pepper,Kirby,Zucchini
Yogurt,Sticks,Granola,Banana,Milk,Sticks,Mix,Cubes,Breast,Almonds
Eggs,Avocado,Limes,Water,Asparagus,Cauliflower,Florets,Juice,Root,Vanilla
Milk,Onions,Garlic,Nuggets,Cilantro,Butter,Pepper,Strawberries,Limes,Milk
Bacon,Beef,Sauce,Mushrooms,Pasta,Greens,Banana,Toast,Hearts,Sauce
Milk,Candy,Tempeh,Food,Romaine,Raspberries,Hummus,Cheese,Tortillas,Shreds
Banana,Almondmilk,Yogurt,Strawberries,Lemon,Zucchini,Rice,Added,Tahini,Yams
Oil,Eggs,Carrot,Rice,Beer,Mix,Thighs,Muffins,Grapes,Blend
Apples,Grapes,Bag,Bag,Cooler,Mini,Pack,Sandwiches,Crackers,Crackers
Granola,Banana,Pear,Tomatoes,Salad,Apple,Chips,Tangerine,Crown,Blackberries
Milk,Baguette,Grains,Onion,Tomato,Stock,Avocado,Rice,Yogurt,Banana
Apple,Avocado,Greens,Dressing,Tomatoes,Tofu,Beans,Butter,Cream,Chips
Popcorn,Mix,Clementines,Half,Milk,Bran,Nut,Water,Popcorn,Cereal
Eggs,Raspberries,Carrots,Lemon,Kale,Basil,Bunch,Hummus,Yogurt,Honey
Onion,Waffles,Milk,Water,Crumbs,Cream,Bran,Marshmallows,Cream,Coconut
Fruit,Grapefruit,Smartwater,Pistachios,Quencher,Ketchup,Preserves,Carrots,Water,Water
Cream,Bananas,Milk,Packs,Strawberries,Creamer,Bread,Strips,Florets,Extract
Bagels,Lasagna,Blanket,Dogs,Chips,Root,Crisps,Pack,Mix,Chips
Waffles,Pancakes,Ct,Wieners,Strip,Strawberry,Candy,A,Bread,Sticks
Avocado,Crusts,Garlic,Patties,Crumbles,Carrots,UNSWEETENED,Spinach,Cheese,Shells
Tenders,Chick'n,Bowl,Shells,Verde,Soup,Bleach,Relief,Cereal,Milk
Pickles,Wieners,Tablets,Count,Cream,Spaghetti,Sauerkraut,Mayonnaise,Chips,Cream
Turkey,Sauce,Cheese,Bunch,Tomatoes,Cheese,Blend,Oil,Pans,Punch
Chili,Bars,Yogurt,Alternative,Yogurt,Hummus,Carrots,Spinach,Apple,Bananas
Avocado,Mushrooms,Blueberries,Spinach,Cantaloupe,Tomato,Root,Pepper,Yogurt,Oats
Protein+,Pecan,Chips,Rabe,Cereal,Hazelnuts,Butter,Oats,Oats,Salt
Bananas,Kale,Yogurt,Bunch,Raspberries,Apple,Water,Soup,Puree,Mix
Banana,Shoyu,Sage,Thyme,Mediterranean,Garlic,Broth,Crowns,Broccoli,Browns
Banana,Omega-3,3,Gelatin,Puffs,Rods,Sticks,Popcorn,Yogurt,Bottom
Eggs,Water,Water,Butter,Sage,Oregano,Grown,Salad,Mushrooms,Organic
Paper,Grapefruit,Water,Detergent,Bacon,Cola,Grapefruit,Eggs,Cheese,Coffee
Milk,Tomatoes,Kale,Potato,Beans,Cereal,Baguette,Carrots,Bananas,Cream
Chocolate,Tea,Bunch,Bagels,Avocado,Rosemary,Onion,Corn,Crown,Batard
Pepper,Bread,oz,Blueberry,Bacon,Kale,Hearts,(Yam),Carrot,Eggs
Original,Baguette,Yogurt,Yogurt,Yogurt,Yogurt,Water,Citrus,Bar,Snack
Grilled,Spinach,Chips,Slices,Bread,Milk,Puffs,Chip,Salsa,Mushrooms
Pepper,Eggs,Mango,Zucchini,Strawberries,Onion,Lemon,Root,Potato,Lettuce
Cheese,Spread,Milk,Cream,Sauce,Cereal,Granola,Milk,Pie,Water
Potatoes,Pumpkin,Minis,Eggs,Onions,Peppers,Bunch,Chip,Gelato,Pizza
Modena,Pulp,Corn,Celery,Lettuce,Potato,Peppers,Avocado,Carrot,Chips
Coke,Sheets,Scent,Regular,Water,Water,Rolls,Coffee,Cheese,Crackers
Unscented,Soda,Creamer,Hot,Twists,Cheese,Cream,Milk,Bars,Cheese
Water,Water,Water,Water,Water,Water,Popcorn,Water,Crackers,Chips
Milk,Raspberries,Carrots,Shake,Strawberries,Cauliflower,Cheese,Spinach,Breast,Singles
Milk,Mango,Dough,Waffles,Rolls,Chips,Cucumber,Butter,Beans,Apples
Salad,Water,Yogurt,Banana,Grapefruit,Water,Water,Tomatoes,Chips,Bars
Soda,Avocado,Greens,Kirby,Water,Chips,Bag,Banana,Squash,Chunks
Flaxseed,Florets,Eggs,Butter,(Yam),Milk,Bananas,Apples,Hearts,Lettuce
Tomato,Spinach,Cilantro,Root,Broccoli,Greens,Turnip,Yams,Added,Blend
Potatoes,Cola,Soda,Pickles,Pasta,Meatloaf,Steak,Franks,Chili,Count
Breast,Tortillas,Shreds,Cheese,Cream,Salsa,Original,Beans,Salted,Soda
Buns,Grilled,Muffins,Butter,Tissue,Salad,Avocados,Bananas,Soymilk,Apples
Bread,Banana,Bar,Cookies,Bar,Cream,Chips,Chips,Chips,Cream
Lemon,Apple,Papaya,Mango,Banana,Cashewgurt,Tomato,Blueberries,Avocado,Honey
Banana,Mix,Muffins,Bowl,Bowl,Popcorn,Scent,Pizza,Bowl,Bowl
Cereal,Water,Grapes,Zucchini,Lemon,Limes,Apple,Blackberries,Strawberries,Pouches
Asparagus,Romaine,Tomatoes,Onion,Kirby,Banana,Fillet,Cheese,Water,Water
Bananas,Raspberries,Cheese,Almondmilk,Cereal,Beans,Organic,Rice,Almonds,Preserves
Blanc,Pasta,Half,Coffee,Bananas,Oil,Foil,Paper,Rolls,Drink
Gingerade,Water,D,Bag,Tea,Tea,Bags,Towels,Pomegranate,Lemon
Strawberries,Milk,Detergent,Detergent,Rolls,Banana,Snacks,Beans,Noodles,Sprouts
Blackberries,Apple,Eggs,Strawberries,Milk,Slices,Bar,Beans,Carrots,Mushrooms
Helper,Bread,Tea,Crackers,Dough,Carrots,Potato,Donuts,Potatoes,Cream
Onions,Root,Vinegar,Strawberries,Cream,Spinach,Kale,Water,Apples,Lemon
Butter,Eggs,Mix,Mix,Mix,Mix,Mix,Morsels,Marshmallow,Crumbs
Crackers,Apples,Strawberries,Dogs,Hummus,Milk,Sauce,Pizza,Milk,Bananas
Buns,Celery,Carrots,Organic,Milk,Arugula,Pepperoncini,Parmesan,Oats,Pizza
Yogurt,Milk,Bread,Potato,Bunch,Cream,Cream,Kale,Orange,Pears
Hummus,Water,Cream,Milk,Spinach,Avocado,Onions,Pomegranate,Chips,Pancakes
Banana,Chips,Breasts,Soup,Strip,Pears,Shake,Milk,Salad,Snacks
Half,Strawberries,Blueberries,Raspberries,Cheese,Spinach,Coffee,Avocados,Pack,Bread
Raspberries,Strawberries,Spinach,Cucumbers,Tomatoes,Florettes,Grapes,Avocados,Crumbles,Milk
Greens,Apple,Breasts,Bananas,Seltzer,Pomegranate,Lemonade,Tea,Chips,Water
Donuts,Nuggets,Potatoes,Floss,Chips,Beans,Soda,Cheese,Roja,Guacamole
Chunks,Carrots,Cucumber,Water,Bacon,Cream,Yogurt,Kefir,Tortillas,Block
Popcorn,Water,Avocado,Tomato,2,Prunes,Food,Bananas,Milk,Blueberries
Butter,Ketchup,Gum,Packets,Sugar,Almonds,Mix,Crackers,Soda,Liners
Lettuce,Steamers,Thighs,Tomato,Bacon,Blackberries,Banana,Milk,Juice,Original
Water,Seeded,Creamer,Wrap,Juice,Salmon,Oil,Chips,Bunch,Onion
Peas,Carrots,Milk,(Yam),Cinnamon,Rice,Seasoning,Tomatoes,Shreds,Beans
Cheese,Slices,Cheese,Cheese,Apple,Raspberries,Towels,Soup,Crumbs,Bread
Milk,Beans,Eggs,Cheese,Soap,Yogurt,Bar,Strawberries,Kiwi,Hearts
Milk,Banana,Bread,Spread,Yogurt,Nuggets,Waffles,Peas,Kale,Strawberries
Sauce,Paste,Corn,Oil,Milk,Milk,Tomatoes,Stock,Bananas,Bacon
Artichokes,Bananas,Avocado,Cucumber,Tomatoes,Salmon,Flavor,Kale,Fries,Pepper
Banana,Popcorn,Corn,Water,Vinegar,Salt,Butter,Juice,Juice,Blend
Preserves,Preserves,Spread,Soap,Chia,Jam,Oats,Unsweetened,Coffee,Strawberry
Syrup,Bowl,Bowl,Bowl,Bowl,Bars,Parmesan,Tots,Nuggets,Cream
Bacon,Bananas,Avocados,Raspberries,Water,Water,Water,Mayonnaise,Sauce,Mix
Turkey,Banana,Bread,Pasta,Sauce,Hummus,Chips,Cheerios,Count,Bar
Milk,Cereal,Cereal,Potato,Chips,Marshmallows,Zucchini,Cucumber,Tampons,Tortillas
Chips,Hommus,Beans,Soda,Apricots,Sauce,Squash,Lasagna,Foil,Wrap
Milk,Beans,Sausage,Sausage,Muffins,Butter,Bar,Oatmeal,Bags,Tea
Puffs,Bananas,Ravioli,Muffins,Raspberries,Ravioli,Sticks,Eggs,Beans,Avocado
Bread,Butter,Juice,Banana,Milk,Half,Bars,Beans,(Yam),Carrots
Dogs,Bread,Yogurt,Milk,Juice,Slices,Tomatoes,Cereal,Bananas,Blueberries
Drinks,Muffins,Pack,Drink,Banana,Sandwiches,Bars,Water,Mix,Cereal
Cheese,Strawberries,Raspberries,Blackberries,Bread,Romaine,Avocado,Water,Spaghetti,Sauce
Avocado,Apple,Apple,Peppers,Hummus,Cilantro,Browns,Bar,Cream,Slices
Bars,Cream,Sandwiches,Pie,Cheeseburgers,Pie,Sandwich,Crackers,Cream,Scoops
Limes,Crown,Soda,Garlic,Towels,Oregano,Tzatziki,Dip,Broth,Lemon
Milk,Eggs,Cream,Paper,Cleanser,Strawberries,Spinach,Cereal,Sauce,Cream
Chips,Strawberries,Water,Chips,Crackers,Cereal,Soup,Bread,Guacamole,Chips
Beer,Ale,Liquer,Water,Soda,Cookies,Cheddar,Cheese,Whiskey,Mix
Bananas,Strawberries,Apple,Seasoning,Hummus,Bread,Cheese,Cream,Butter,Croccantini
Cucumber,Extract,Ketchup,Broth,Rice,Wafers,Packs,Tomato,Walnuts,Sauce
Cheese,Cream,Olives,Eggs,Mayonnaise,Seasoning,Salsa,Chips,Pepper,Cilantro
Supergreens!,Milk,Blend,Chip,Asparagus,Pepper,Peppers,Dressing,Lite,Whites
Milk,Lemon,Cucumber,Limes,Avocado,Mint,Kale,Onion,Pomegranate,Water
Milk,Corn,Corn,Crackers,Inch,Pretzels,Yogurt,Dessert,Cocktail,Sticks
Sandwiches,Lemonade,Juice,Punch,Beer,Ham,Cheese,Bagels,Cheese,Creamer
Yogurt,Yogurt,Coconut,Hummus,Coffee,Roast,Hummus,Milk,UNSWEETENED,Muffins
Hearts,Peppers,Cucumbers,Cheese,Almonds,Blueberries,Watermelon,Milk,Yogurt,Tomatoes
Strawberries,Breast,Spinach,Banana,Yogurt,Yogurt,Sausage,Sprouts,Salad,Bread
Bread,Cola,Cereal,Tyme,Quarters,Salad,Crackers,Beer,Yogurt,Cookies
Tomatoes,Cucumber,Pepper,Peppers,Zucchini,Cauliflower,Kale,Celery,Walnuts,Cashews
Juice,Water,Onions,Seedless,Yoghurt,Yoghurt,Corn,Waffles,Verde,Sauce
Banana,Grapes,Chips,Gel,Half,Chips,Raspberries,Chocolate,Bar,Bar
Butter,Roast,Half,Juice,Apples,Strawberries,Crackers,Tomatoes,Variety,Hearts
Eggs,Spinach,Beans,Bacon,Beans,Tortillas,Towels,Wash,Butter,Celery
Banana,Creamer,Original,Apples,Yogurt,Soup,Cheese,Milk,Berry,Toothpaste
Mix,Sauce,Turkey,Tortillas,Blend,Pan,Cheese,Sauce,Milk,Prepacked
